{"Epoch": 1, "Loss": 16.444199563598634, "Reconstruction Loss": 0.23316656358242036, "val_loss": 9538.625183125, "Learning Rate": 1.198e-05, "parameters": 34335651, "_timestamp": 1717084132.6232305, "_runtime": 76.45701742172241, "_step": 0}