{"Epoch": 1, "Loss": 73.88203810302734, "Reconstruction Loss": 0.08789854705095292, "val_loss": 2891.037868984375, "Learning Rate": 0.00017965337282995167, "parameters": 36404003, "batch_size": 16, "l1_lambda": 1e-09, "l1_lambda_bottleneck": 0.0001, "lambda_kl": 1e-06, "lambda_tv": 1e-06, "lambda_perceptual": 0.001, "lambda_mse": 100, "lambda_ssim": 1e-07, "lambda_psnr": 1e-09, "num_blocks": 3, "block_depth": 3, "bottleneck_dim": 256, "asym_block": 1, "asym_depth": 1, "num_params": 36404003, "_timestamp": 1716966500.5442958, "_runtime": 88.19257068634033, "_step": 0, "_wandb": {"runtime": 87}}