{"Epoch": 1, "Loss": 7.237440378417968, "Reconstruction Loss": 0.05958046913385391, "val_loss": 2081.608173046875, "Learning Rate": 0.008097915816572565, "parameters": 35434307, "batch_size": 16, "l1_lambda": 1e-09, "l1_lambda_bottleneck": 0.0001, "lambda_kl": 1e-06, "lambda_tv": 1e-12, "lambda_perceptual": 0.01, "lambda_mse": 10, "lambda_ssim": 1e-05, "lambda_psnr": 1e-09, "num_blocks": 3, "block_depth": 2, "bottleneck_dim": 256, "asym_block": 1, "asym_depth": 1, "num_params": 35434307, "_timestamp": 1716966586.95745, "_runtime": 78.25146579742432, "_step": 0, "_wandb": {"runtime": 77}}