{"Epoch": 25, "Loss": 66.13244280273437, "Reconstruction Loss": 0.08148681352734566, "val_loss": 3939.44506828125, "Learning Rate": 0.001663, "parameters": 10268291, "_timestamp": 1717051864.503985, "_runtime": 1385.1655189990997, "_step": 24, "_wandb": {"runtime": 1384}}