{"Epoch": 15, "Loss": 22.25927994995117, "Reconstruction Loss": 0.09506485280156135, "val_loss": 4661.174303359375, "Learning Rate": 5.456e-05, "parameters": 11237987, "_timestamp": 1717085737.6837392, "_runtime": 1338.3812992572784, "_step": 14}