{"Epoch": 1, "Loss": 7.278334267578125, "Reconstruction Loss": 0.06794932031869888, "val_loss": 2388.4328488671877, "Learning Rate": 0.005623450160733062, "parameters": 11237987, "batch_size": 16, "l1_lambda": 1e-12, "l1_lambda_bottleneck": 0.0001, "lambda_kl": 1e-08, "lambda_tv": 1e-12, "lambda_perceptual": 1e-05, "lambda_mse": 10, "lambda_ssim": 1e-05, "lambda_psnr": 1e-11, "num_blocks": 3, "block_depth": 3, "bottleneck_dim": 64, "asym_block": 1, "asym_depth": 1, "num_params": 11237987, "_timestamp": 1716966668.534635, "_runtime": 72.57387399673462, "_step": 0, "_wandb": {"runtime": 71}}